cell_id,reduction,delta_close_deg,q_c_rel,n,n_failed,p_mean_of_pair,p_mean_of_pair_lo,p_mean_of_pair_hi,n_p_mean_of_pair,p_arrive_C,p_arrive_C_lo,p_arrive_C_hi,n_p_arrive_C,p_arrive_AB,p_arrive_AB_lo,p_arrive_AB_hi,n_p_arrive_AB,p_timeout,p_timeout_lo,p_timeout_hi,n_p_timeout,p_no_commit,p_no_commit_lo,p_no_commit_hi,n_p_no_commit,p_final_mean_of_pair,p_final_mean_of_pair_lo,p_final_mean_of_pair_hi,n_p_final_mean_of_pair,p_bimodal_t2,p_bimodal_t2_lo,p_bimodal_t2_hi,n_p_bimodal_t2,p_merged_t2,p_merged_t2_lo,p_merged_t2_hi,n_p_merged_t2,p_commit_A,p_arrive_A,p_commit_B,p_arrive_B,p_commit_C,median_t_commit,median_t_arrival,mean_t_arrival,p_detector_fired,median_t_bif
0,sum,12.0,1.0,200,0,1.0,0.9811539940816791,1.0,200,0.0,0.0,0.018846005918320894,0,1.0,0.9811539940816791,1.0,200,0.0,0.0,0.018846005918320894,0,0.0,0.0,0.018846005918320894,0,0.34,0.2779143922159556,0.40811632967790723,68,0.015,0.005114145184492387,0.043166480556278884,3,0.985,0.9568335194437211,0.9948858548155076,197,0.0,0.825,0.0,0.175,0.0,1.0,10.015717095447684,9.952710874851443,1.0,1.0
1,sum,12.0,1.01,200,0,1.0,0.9811539940816791,1.0,200,0.0,0.0,0.018846005918320894,0,1.0,0.9811539940816791,1.0,200,0.0,0.0,0.018846005918320894,0,0.0,0.0,0.018846005918320894,0,0.34,0.2779143922159556,0.40811632967790723,68,0.015,0.005114145184492387,0.043166480556278884,3,0.985,0.9568335194437211,0.9948858548155076,197,0.0,0.825,0.0,0.175,0.0,1.0,10.01511387349569,9.951473718732174,1.0,1.0
2,sum,12.0,1.02,200,0,1.0,0.9811539940816791,1.0,200,0.0,0.0,0.018846005918320894,0,1.0,0.9811539940816791,1.0,200,0.0,0.0,0.018846005918320894,0,0.0,0.0,0.018846005918320894,0,0.345,0.2825968690139029,0.41324539282077655,69,0.015,0.005114145184492387,0.043166480556278884,3,0.985,0.9568335194437211,0.9948858548155076,197,0.0,0.83,0.0,0.17,0.0,1.0,10.014500054666673,9.950037833156896,1.0,1.0
3,sum,15.0,1.0,200,0,1.0,0.9811539940816791,1.0,200,0.0,0.0,0.018846005918320894,0,1.0,0.9811539940816791,1.0,200,0.0,0.0,0.018846005918320894,0,0.0,0.0,0.018846005918320894,0,0.005,0.0008831459893662054,0.02777439986977148,1,0.03,0.013820125830748327,0.06389511973247333,6,0.97,0.9361048802675267,0.9861798741692518,194,0.0,0.54,0.0,0.46,0.0,1.0,9.601920808673992,9.607605367836983,1.0,1.0
4,sum,15.0,1.01,200,0,1.0,0.9811539940816791,1.0,200,0.0,0.0,0.018846005918320894,0,1.0,0.9811539940816791,1.0,200,0.0,0.0,0.018846005918320894,0,0.0,0.0,0.018846005918320894,0,0.005,0.0008831459893662054,0.02777439986977148,1,0.025,0.010724561470787711,0.05717914415161715,5,0.975,0.9428208558483829,0.9892754385292123,195,0.0,0.545,0.0,0.455,0.0,1.0,9.602210246060245,9.607940240223401,1.0,1.0
5,sum,15.0,1.02,200,0,1.0,0.9811539940816791,1.0,200,0.0,0.0,0.018846005918320894,0,1.0,0.9811539940816791,1.0,200,0.0,0.0,0.018846005918320894,0,0.0,0.0,0.018846005918320894,0,0.005,0.0008831459893662054,0.02777439986977148,1,0.02,0.007804300176394188,0.050287865505193874,4,0.98,0.9497121344948062,0.9921956998236058,196,0.0,0.545,0.0,0.455,0.0,1.0,9.602118811275293,9.609157164275707,1.0,1.0
6,sum,20.0,1.0,200,0,0.99,0.9642775148038205,0.9972533993962251,198,0.595,0.5257958199999483,0.6606234388755706,119,0.405,0.3393765611244294,0.4742041800000517,81,0.0,0.0,0.018846005918320894,0,0.0,0.0,0.018846005918320894,0,0.0,0.0,0.018846005918320894,0,0.06,0.0346518499012715,0.10193263530685089,12,0.94,0.8980673646931491,0.9653481500987285,188,0.0,0.0,0.0,0.405,0.01,1.0,25.525225951236518,19.224889552804346,1.0,1.0
7,sum,20.0,1.01,200,0,0.99,0.9642775148038205,0.9972533993962251,198,0.595,0.5257958199999483,0.6606234388755706,119,0.405,0.3393765611244294,0.4742041800000517,81,0.0,0.0,0.018846005918320894,0,0.0,0.0,0.018846005918320894,0,0.0,0.0,0.018846005918320894,0,0.06,0.0346518499012715,0.10193263530685089,12,0.94,0.8980673646931491,0.9653481500987285,188,0.0,0.0,0.0,0.405,0.01,1.0,25.518248980069067,19.21991984341749,1.0,1.0
8,sum,20.0,1.02,200,0,0.99,0.9642775148038205,0.9972533993962251,198,0.595,0.5257958199999483,0.6606234388755706,119,0.405,0.3393765611244294,0.4742041800000517,81,0.0,0.0,0.018846005918320894,0,0.0,0.0,0.018846005918320894,0,0.0,0.0,0.018846005918320894,0,0.06,0.0346518499012715,0.10193263530685089,12,0.94,0.8980673646931491,0.9653481500987285,188,0.0,0.0,0.0,0.405,0.01,1.0,25.512142833041782,19.215511598571368,1.0,1.0
9,sum,25.0,1.0,200,0,0.82,0.7608840628376157,0.8670544933746589,164,0.57,0.500703604055383,0.636657955116052,114,0.43,0.36334204488394795,0.49929639594461706,86,0.0,0.0,0.018846005918320894,0,0.03,0.013820125830748327,0.06389511973247333,6,0.01,0.0027466006037749346,0.03572248519617954,2,0.175,0.12860441174608936,0.23364549210081922,35,0.825,0.7663545078991807,0.8713955882539106,165,0.0,0.055,0.025,0.375,0.125,1.0,25.46457544032316,19.250356326958286,1.0,1.0
10,sum,25.0,1.01,200,0,0.82,0.7608840628376157,0.8670544933746589,164,0.57,0.500703604055383,0.636657955116052,114,0.43,0.36334204488394795,0.49929639594461706,86,0.0,0.0,0.018846005918320894,0,0.03,0.013820125830748327,0.06389511973247333,6,0.015,0.005114145184492387,0.043166480556278884,3,0.175,0.12860441174608936,0.23364549210081922,35,0.825,0.7663545078991807,0.8713955882539106,165,0.0,0.055,0.025,0.375,0.125,1.0,25.45006388540634,19.293964530338,1.0,1.0
11,sum,25.0,1.02,200,0,0.82,0.7608840628376157,0.8670544933746589,164,0.585,0.5157378707263818,0.6510583082675037,117,0.415,0.3489416917324964,0.48426212927361817,83,0.0,0.0,0.018846005918320894,0,0.03,0.013820125830748327,0.06389511973247333,6,0.01,0.0027466006037749346,0.03572248519617954,2,0.175,0.12860441174608936,0.23364549210081922,35,0.825,0.7663545078991807,0.8713955882539106,165,0.0,0.055,0.025,0.36,0.125,1.0,25.437512379255384,19.564773890595138,1.0,1.0
12,sum,30.0,1.0,200,0,0.38,0.3155889366123922,0.4489341048080049,76,0.0,0.0,0.018846005918320894,0,0.985,0.9568335194437211,0.9948858548155076,197,0.015,0.005114145184492387,0.043166480556278884,3,0.395,0.3298398699878317,0.4641177912550158,79,0.0,0.0,0.018846005918320894,0,0.545,0.4757848503696115,0.6125190090977398,109,0.455,0.38748099090226035,0.5242151496303886,91,0.0,0.61,0.225,0.375,0.0,1.0,14.876860507800759,14.767452855454163,1.0,1.0
13,sum,30.0,1.01,200,0,0.38,0.3155889366123922,0.4489341048080049,76,0.0,0.0,0.018846005918320894,0,0.99,0.9642775148038205,0.9972533993962251,198,0.01,0.0027466006037749346,0.03572248519617954,2,0.39,0.325082297194914,0.45906382410711677,78,0.0,0.0,0.018846005918320894,0,0.545,0.4757848503696115,0.6125190090977398,109,0.455,0.38748099090226035,0.5242151496303886,91,0.0,0.615,0.23,0.375,0.0,1.0,14.887995394564744,14.279930177335212,1.0,1.0
14,sum,30.0,1.02,200,0,0.38,0.3155889366123922,0.4489341048080049,76,0.02,0.007804300176394188,0.050287865505193874,4,0.965,0.9295285391333187,0.9829446753626429,193,0.015,0.005114145184492387,0.043166480556278884,3,0.39,0.325082297194914,0.45906382410711677,78,0.0,0.0,0.018846005918320894,0,0.545,0.4757848503696115,0.6125190090977398,109,0.455,0.38748099090226035,0.5242151496303886,91,0.0,0.605,0.225,0.36,0.005,1.0,14.900976172761919,14.18369467002763,1.0,1.0
15,sum,40.0,1.0,200,0,0.0,0.0,0.018846005918320894,0,0.01,0.0027466006037749346,0.03572248519617954,2,0.96,0.9230670617058012,0.9795946128493436,192,0.03,0.013820125830748327,0.06389511973247333,6,0.39,0.325082297194914,0.45906382410711677,78,0.005,0.0008831459893662054,0.02777439986977148,1,1.0,0.9811539940816791,1.0,200,0.0,0.0,0.018846005918320894,0,0.255,0.615,0.345,0.345,0.01,9.0,16.390667628945188,18.431332071484867,1.0,1.0
16,sum,40.0,1.01,200,0,0.0,0.0,0.018846005918320894,0,0.01,0.0027466006037749346,0.03572248519617954,2,0.965,0.9295285391333187,0.9829446753626429,193,0.025,0.010724561470787711,0.05717914415161715,5,0.395,0.3298398699878317,0.4641177912550158,79,0.01,0.0027466006037749346,0.03572248519617954,2,1.0,0.9811539940816791,1.0,200,0.0,0.0,0.018846005918320894,0,0.25,0.62,0.345,0.345,0.01,9.0,16.398338282569227,18.343433952459385,1.0,1.0
17,sum,40.0,1.02,200,0,0.005,0.0008831459893662054,0.02777439986977148,1,0.01,0.0027466006037749346,0.03572248519617954,2,0.96,0.9230670617058012,0.9795946128493436,192,0.03,0.013820125830748327,0.06389511973247333,6,0.445,0.3778048169746545,0.5142682436763609,89,0.02,0.007804300176394188,0.050287865505193874,4,1.0,0.9811539940816791,1.0,200,0.0,0.0,0.018846005918320894,0,0.195,0.615,0.345,0.345,0.01,9.0,16.409374290661184,17.80864491166702,1.0,1.0
18,sum,60.0,1.0,200,0,0.0,0.0,0.018846005918320894,0,0.0,0.0,0.018846005918320894,0,0.97,0.9361048802675267,0.9861798741692518,194,0.03,0.013820125830748327,0.06389511973247333,6,0.03,0.013820125830748327,0.06389511973247333,6,0.0,0.0,0.018846005918320894,0,1.0,0.9811539940816791,1.0,200,0.0,0.0,0.018846005918320894,0,0.505,0.505,0.465,0.465,0.0,7.0,10.196401064608647,10.195312073815456,1.0,1.0
19,sum,60.0,1.01,200,0,0.0,0.0,0.018846005918320894,0,0.0,0.0,0.018846005918320894,0,0.955,0.9167024063390322,0.9761477282752958,191,0.045,0.023852271724704166,0.08329759366096785,9,0.045,0.023852271724704166,0.08329759366096785,9,0.0,0.0,0.018846005918320894,0,1.0,0.9811539940816791,1.0,200,0.0,0.0,0.018846005918320894,0,0.49,0.49,0.465,0.465,0.0,7.0,10.196721824211643,10.195822992504418,1.0,1.0
20,sum,60.0,1.02,200,0,0.0,0.0,0.018846005918320894,0,0.0,0.0,0.018846005918320894,0,0.915,0.8681031145576462,0.9462547005301477,183,0.085,0.05374529946985246,0.13189688544235392,17,0.085,0.05374529946985246,0.13189688544235392,17,0.0,0.0,0.018846005918320894,0,1.0,0.9811539940816791,1.0,200,0.0,0.0,0.018846005918320894,0,0.45,0.45,0.465,0.465,0.0,7.0,10.197202127994228,10.197654457534105,1.0,1.0
21,max,12.0,1.0,200,0,0.985,0.9568335194437211,0.9948858548155076,197,0.0,0.0,0.018846005918320894,0,1.0,0.9811539940816791,1.0,200,0.0,0.0,0.018846005918320894,0,0.015,0.005114145184492387,0.043166480556278884,3,0.345,0.2825968690139029,0.41324539282077655,69,0.045,0.023852271724704166,0.08329759366096785,9,0.955,0.9167024063390322,0.9761477282752958,191,0.0,0.815,0.0,0.185,0.0,1.0,10.013909674192996,9.948953533248593,1.0,1.0
22,max,12.0,1.01,200,0,0.985,0.9568335194437211,0.9948858548155076,197,0.0,0.0,0.018846005918320894,0,1.0,0.9811539940816791,1.0,200,0.0,0.0,0.018846005918320894,0,0.015,0.005114145184492387,0.043166480556278884,3,0.355,0.29198518653239286,0.4234801551839203,71,0.04,0.02040538715065641,0.07693293829419882,8,0.96,0.9230670617058012,0.9795946128493436,192,0.0,0.82,0.0,0.18,0.0,1.0,10.013278623288173,9.947141975722502,1.0,1.0
23,max,12.0,1.02,200,0,0.985,0.9568335194437211,0.9948858548155076,197,0.0,0.0,0.018846005918320894,0,1.0,0.9811539940816791,1.0,200,0.0,0.0,0.018846005918320894,0,0.015,0.005114145184492387,0.043166480556278884,3,0.37,0.3061249750375241,0.43877498650123936,74,0.04,0.02040538715065641,0.07693293829419882,8,0.96,0.9230670617058012,0.9795946128493436,192,0.0,0.825,0.0,0.175,0.0,1.0,10.012636777104461,9.944865313449544,1.0,1.0
24,max,15.0,1.0,200,0,0.75,0.6856577652038048,0.8049192318370347,150,0.0,0.0,0.018846005918320894,0,1.0,0.9811539940816791,1.0,200,0.0,0.0,0.018846005918320894,0,0.25,0.19508076816296532,0.3143422347961952,50,0.01,0.0027466006037749346,0.03572248519617954,2,0.285,0.22694905173277297,0.3511547308121051,57,0.715,0.648845269187895,0.773050948267227,143,0.0,0.53,0.0,0.47,0.0,1.0,9.603041689287062,9.607207465324022,1.0,1.0
25,max,15.0,1.01,200,0,0.76,0.69626534544272,0.8139347314797533,152,0.0,0.0,0.018846005918320894,0,1.0,0.9811539940816791,1.0,200,0.0,0.0,0.018846005918320894,0,0.24,0.1860652685202468,0.3037346545572801,48,0.005,0.0008831459893662054,0.02777439986977148,1,0.28,0.22236792842635128,0.34592431417771,56,0.72,0.6540756858222899,0.7776320715736488,144,0.0,0.535,0.0,0.465,0.0,1.0,9.603198192659626,9.609470207738905,1.0,1.0
26,max,15.0,1.02,200,0,0.765,0.7015850701327535,0.8184265467305365,153,0.0,0.0,0.018846005918320894,0,1.0,0.9811539940816791,1.0,200,0.0,0.0,0.018846005918320894,0,0.235,0.18157345326946356,0.29841492986724655,47,0.005,0.0008831459893662054,0.02777439986977148,1,0.275,0.21779604313809775,0.3406846595251467,55,0.725,0.6593153404748534,0.7822039568619022,145,0.0,0.54,0.0,0.46,0.0,1.0,9.603714868512933,9.611132185291861,1.0,1.0
27,max,20.0,1.0,200,0,0.065,0.03837598764975976,0.10802003749917945,13,0.595,0.5257958199999483,0.6606234388755706,119,0.405,0.3393765611244294,0.4742041800000517,81,0.0,0.0,0.018846005918320894,0,0.39,0.325082297194914,0.45906382410711677,78,0.0,0.0,0.018846005918320894,0,0.875,0.8219846471534161,0.9138808484078432,175,0.125,0.0861191515921568,0.1780153528465839,25,0.0,0.0,0.0,0.405,0.545,11.0,25.524967255618655,19.22579258735257,1.0,1.0
28,max,20.0,1.01,200,0,0.065,0.03837598764975976,0.10802003749917945,13,0.595,0.5257958199999483,0.6606234388755706,119,0.405,0.3393765611244294,0.4742041800000517,81,0.0,0.0,0.018846005918320894,0,0.39,0.325082297194914,0.45906382410711677,78,0.0,0.0,0.018846005918320894,0,0.875,0.8219846471534161,0.9138808484078432,175,0.125,0.0861191515921568,0.1780153528465839,25,0.0,0.0,0.0,0.405,0.545,11.0,25.517844117589586,19.220437403386168,1.0,1.0
29,max,20.0,1.02,200,0,0.065,0.03837598764975976,0.10802003749917945,13,0.595,0.5257958199999483,0.6606234388755706,119,0.405,0.3393765611244294,0.4742041800000517,81,0.0,0.0,0.018846005918320894,0,0.39,0.325082297194914,0.45906382410711677,78,0.0,0.0,0.018846005918320894,0,0.875,0.8219846471534161,0.9138808484078432,175,0.125,0.0861191515921568,0.1780153528465839,25,0.0,0.0,0.0,0.405,0.545,11.0,25.511678435306358,19.21592936051185,1.0,1.0
30,max,25.0,1.0,200,0,0.0,0.0,0.018846005918320894,0,0.57,0.500703604055383,0.636657955116052,114,0.43,0.36334204488394795,0.49929639594461706,86,0.0,0.0,0.018846005918320894,0,0.165,0.11996784122663977,0.22265898273863527,33,0.01,0.0027466006037749346,0.03572248519617954,2,0.99,0.9642775148038205,0.9972533993962251,198,0.01,0.0027466006037749346,0.03572248519617954,2,0.0,0.055,0.265,0.375,0.57,11.0,25.464313530799995,19.250030082486155,1.0,1.0
31,max,25.0,1.01,200,0,0.0,0.0,0.018846005918320894,0,0.57,0.500703604055383,0.636657955116052,114,0.43,0.36334204488394795,0.49929639594461706,86,0.0,0.0,0.018846005918320894,0,0.17,0.12427835351105657,0.22816001039503528,34,0.015,0.005114145184492387,0.043166480556278884,3,0.99,0.9642775148038205,0.9972533993962251,198,0.01,0.0027466006037749346,0.03572248519617954,2,0.0,0.055,0.26,0.375,0.57,11.0,25.4498380077082,19.29363362550785,1.0,1.0
32,max,25.0,1.02,200,0,0.0,0.0,0.018846005918320894,0,0.585,0.5157378707263818,0.6510583082675037,117,0.415,0.3489416917324964,0.48426212927361817,83,0.0,0.0,0.018846005918320894,0,0.16,0.11567342208544587,0.2171418619390124,32,0.01,0.0027466006037749346,0.03572248519617954,2,0.99,0.9642775148038205,0.9972533993962251,198,0.01,0.0027466006037749346,0.03572248519617954,2,0.0,0.055,0.255,0.36,0.585,11.0,25.437857382025772,19.564726656729103,1.0,1.0
33,max,30.0,1.0,200,0,0.0,0.0,0.018846005918320894,0,0.0,0.0,0.018846005918320894,0,0.985,0.9568335194437211,0.9948858548155076,197,0.015,0.005114145184492387,0.043166480556278884,3,0.625,0.5561417515728713,0.6891467469475485,125,0.0,0.0,0.018846005918320894,0,1.0,0.9811539940816791,1.0,200,0.0,0.0,0.018846005918320894,0,0.0,0.61,0.375,0.375,0.0,9.0,14.87584891280075,14.812823286321755,1.0,1.0
34,max,30.0,1.01,200,0,0.0,0.0,0.018846005918320894,0,0.0,0.0,0.018846005918320894,0,0.99,0.9642775148038205,0.9972533993962251,198,0.01,0.0027466006037749346,0.03572248519617954,2,0.625,0.5561417515728713,0.6891467469475485,125,0.0,0.0,0.018846005918320894,0,1.0,0.9811539940816791,1.0,200,0.0,0.0,0.018846005918320894,0,0.0,0.615,0.375,0.375,0.0,9.0,14.88706792321862,14.216184373493103,1.0,1.0
35,max,30.0,1.02,200,0,0.0,0.0,0.018846005918320894,0,0.015,0.005114145184492387,0.043166480556278884,3,0.97,0.9361048802675267,0.9861798741692518,194,0.015,0.005114145184492387,0.043166480556278884,3,0.62,0.5510658951919951,0.6844110633876079,124,0.0,0.0,0.018846005918320894,0,1.0,0.9811539940816791,1.0,200,0.0,0.0,0.018846005918320894,0,0.0,0.605,0.365,0.365,0.015,9.0,14.89958808555865,14.105678141812435,1.0,1.0
36,max,40.0,1.0,200,0,0.0,0.0,0.018846005918320894,0,0.01,0.0027466006037749346,0.03572248519617954,2,0.96,0.9230670617058012,0.9795946128493436,192,0.03,0.013820125830748327,0.06389511973247333,6,0.39,0.325082297194914,0.45906382410711677,78,0.005,0.0008831459893662054,0.02777439986977148,1,1.0,0.9811539940816791,1.0,200,0.0,0.0,0.018846005918320894,0,0.255,0.615,0.345,0.345,0.01,9.0,16.390656670379897,18.43177341944266,1.0,1.0
37,max,40.0,1.01,200,0,0.0,0.0,0.018846005918320894,0,0.01,0.0027466006037749346,0.03572248519617954,2,0.97,0.9361048802675267,0.9861798741692518,194,0.02,0.007804300176394188,0.050287865505193874,4,0.39,0.325082297194914,0.45906382410711677,78,0.01,0.0027466006037749346,0.03572248519617954,2,1.0,0.9811539940816791,1.0,200,0.0,0.0,0.018846005918320894,0,0.255,0.625,0.345,0.345,0.01,9.0,16.40206062328577,18.31757586410084,1.0,1.0
38,max,40.0,1.02,200,0,0.0,0.0,0.018846005918320894,0,0.01,0.0027466006037749346,0.03572248519617954,2,0.96,0.9230670617058012,0.9795946128493436,192,0.03,0.013820125830748327,0.06389511973247333,6,0.445,0.3778048169746545,0.5142682436763609,89,0.02,0.007804300176394188,0.050287865505193874,4,1.0,0.9811539940816791,1.0,200,0.0,0.0,0.018846005918320894,0,0.2,0.615,0.345,0.345,0.01,9.0,16.409295852897152,17.87080186728007,1.0,1.0
39,max,60.0,1.0,200,0,0.0,0.0,0.018846005918320894,0,0.0,0.0,0.018846005918320894,0,0.97,0.9361048802675267,0.9861798741692518,194,0.03,0.013820125830748327,0.06389511973247333,6,0.03,0.013820125830748327,0.06389511973247333,6,0.0,0.0,0.018846005918320894,0,1.0,0.9811539940816791,1.0,200,0.0,0.0,0.018846005918320894,0,0.505,0.505,0.465,0.465,0.0,7.0,10.196322991186626,10.195221272178216,1.0,1.0
40,max,60.0,1.01,200,0,0.0,0.0,0.018846005918320894,0,0.0,0.0,0.018846005918320894,0,0.955,0.9167024063390322,0.9761477282752958,191,0.045,0.023852271724704166,0.08329759366096785,9,0.045,0.023852271724704166,0.08329759366096785,9,0.0,0.0,0.018846005918320894,0,1.0,0.9811539940816791,1.0,200,0.0,0.0,0.018846005918320894,0,0.49,0.49,0.465,0.465,0.0,7.0,10.19667874137694,10.195737186252991,1.0,1.0
41,max,60.0,1.02,200,0,0.0,0.0,0.018846005918320894,0,0.0,0.0,0.018846005918320894,0,0.915,0.8681031145576462,0.9462547005301477,183,0.085,0.05374529946985246,0.13189688544235392,17,0.085,0.05374529946985246,0.13189688544235392,17,0.0,0.0,0.018846005918320894,0,1.0,0.9811539940816791,1.0,200,0.0,0.0,0.018846005918320894,0,0.45,0.45,0.465,0.465,0.0,7.0,10.197119337608061,10.197504416902973,1.0,1.0
